residue_index,protA_resname,protB_resname,strain
0,M,M,
1,S,S,
2,C,C,
3,K,K,
4,K,K,
5,Q,Q,
6,R,R,
7,S,S,
8,R,R,
9,K,K,
10,H,H,
11,S,S,
12,V,V,
13,N,N,
14,E,E,
15,K,K,
16,C,C,
17,N,N,
18,M,M,
19,K,K,
20,I,I,
21,E,E,
22,H,H,
23,Y,Y,
24,F,F,
25,S,S,
26,P,P,
27,V,V,
28,S,S,
29,K,K,
30,E,E,
31,Q,Q,
32,Q,Q,
33,N,N,
34,N,N,
35,C,C,
36,S,S,
37,T,T,
38,S,S,
39,L,L,
40,M,M,
41,R,R,
42,M,M,
43,E,E,
44,S,S,
45,R,R,
46,G,G,
47,D,D,
48,P,P,
49,R,R,
50,A,A,
51,T,T,
52,T,T,
53,N,N,
54,T,T,
55,Q,Q,
56,A,A,
57,Q,Q,
58,R,R,
59,F,F,
60,H,H,
61,S,S,
62,P,P,
63,K,K,
64,K,K,
65,N,N,
66,P,P,
67,E,E,
68,D,D,
69,Q,Q,
70,T,T,
71,M,M,
72,P,P,
73,Q,Q,0.003940366549835157
74,N,N,0.002746116951159511
75,R,R,0.0028708625937532433
76,T,T,0.002376370856332863
77,I,I,0.0022862145243748703
78,Y,Y,0.002451063902818783
79,V,V,0.002587651004902325
80,T,T,0.0030468015489945486
81,L,L,0.0033638268838318904
82,K,K,0.005556899340660778
83,V,V,0.013681078055309258
84,N,N,
85,H,H,
86,R,R,
87,R,R,
88,N,N,
89,Q,Q,
90,D,D,
91,M,M,0.004948731551324048
92,K,K,0.002411343415261468
93,L,L,0.003235270976855328
94,K,K,0.002028320574897612
95,L,L,0.0020716804856328462
96,T,T,0.002368387041031144
97,H,H,0.002311846812693549
98,S,S,0.0027679326622547335
99,E,E,0.004525706805623204
100,N,N,0.0045271738985395845
101,S,S,0.0027450212734356364
102,S,S,0.003379121339089792
103,L,L,0.002964812771894736
104,Y,Y,0.004808047003868792
105,M,M,0.0034036456296100215
106,A,A,0.004218736387103596
107,L,L,0.002560489147276262
108,N,N,0.003192056033824165
109,T,T,0.002719125217068835
110,L,L,0.0025617260149168593
111,Q,Q,0.002610825503068555
112,A,A,0.0030659893965253784
113,V,V,0.0033098379826302566
114,R,R,0.004110512183140403
115,K,K,0.004375799522153236
116,E,E,0.004087060239213382
117,I,I,0.004915036006288313
118,E,E,0.003981566887875399
119,T,T,0.004753974275210034
120,H,H,0.005266138061897748
121,Q,Q,0.005035537243466861
122,G,G,0.004346417709587701
123,Q,Q,0.007251047786336576
124,E,E,0.006148048799501502
125,M,M,0.004188792825601301
126,L,L,0.0040896370694708814
127,V,V,0.003117673867880867
128,R,R,0.0028974363540980835
129,G,G,0.0030345563767373057
130,T,T,0.0031167905576444223
131,E,E,0.0032993042003014185
132,G,G,0.0035628667012425667
133,I,I,0.00510327334589381
134,K,K,0.004908382920240963
135,E,E,0.005055781125379862
136,Y,Y,0.0034079653132592677
137,I,I,0.0033174562315612523
138,N,N,0.0033402197631204797
139,L,L,0.003184826158462773
140,G,G,0.003693280963522531
141,M,M,0.004058313226924034
142,P,P,0.004497541660467665
143,L,L,0.004099045815088486
144,S,S,0.005348019373248111
145,C,C,0.005394062450029613
146,F,F,0.0042688194084303495
147,P,P,0.0029515215393482053
148,E,E,0.0022038990735587325
149,G,G,0.0022662810376024313
150,G,G,0.002639276558959471
151,Q,Q,0.0025551175103123505
152,V,V,0.002356849135132672
153,V,V,0.002984795702365891
154,I,I,0.003869044849898495
155,T,T,0.004761514437772178
156,F,F,0.0065852479575598
157,S,S,0.01015024175135347
158,Q,Q,0.009803319576512383
159,S,S,
160,K,K,
161,S,S,
162,K,K,
163,Q,Q,
164,K,K,
165,E,E,
166,D,D,
167,N,N,
168,H,H,
169,I,I,
170,F,F,
171,G,G,
172,R,R,
173,Q,Q,
174,D,D,
175,K,K,
176,A,A,
177,S,S,
178,T,T,
179,E,E,0.006841306665340167
180,C,C,0.005325549488646858
181,V,V,0.0039800622483561685
182,K,K,0.004410638098688991
183,F,F,0.003154221503638013
184,Y,Y,0.003385424640104104
185,I,I,0.004434020682464389
186,H,H,0.006667085594190183
187,A,A,0.009538537679505967
188,I,I,0.011212160773585821
189,G,G,0.012178413275042016
190,I,I,0.014705948595477266
191,G,G,0.018659642413704002
192,K,K,
193,C,C,
194,K,K,
195,R,R,0.05170224564775192
196,R,R,0.022252990760890195
197,I,I,0.011610454908838126
198,V,V,0.008613185971172195
199,K,K,0.007801822023768684
200,C,C,0.005297330256212748
201,G,G,0.009817545535250705
202,K,K,0.005498086473863234
203,L,L,0.0064412190519217444
204,H,H,0.008975311318949127
205,K,K,0.008343524718147324
206,K,K,0.007624698073795226
207,G,G,0.004262584254150551
208,R,R,0.004225871981186056
209,K,K,0.004272071167373407
210,L,L,0.004688660296717
211,C,C,0.003773075683571105
212,V,V,0.003748701436494248
213,Y,Y,0.004181980045803286
214,A,A,0.003977454798862577
215,F,F,0.004128963018665896
216,K,K,0.0025860245438820337
217,G,G,0.0022681399376726194
218,E,E,0.0025544046240879295
219,T,T,0.00291513305933097
220,I,I,0.0034728712968317378
221,K,K,0.0036684974841766464
222,D,D,0.0028140817731393437
223,A,A,0.0037673204774062536
224,L,L,0.004250216077552112
225,C,C,0.004544193784479704
226,K,K,0.0043346859152866785
227,D,D,0.004096502330550588
228,G,G,0.00478578310070433
229,R,R,0.004817073253558786
230,F,F,0.007157582653537706
231,L,L,0.009701332553375281
232,S,S,0.008813191903081604
233,F,F,0.012511056034552452
234,L,L,0.00805599117799273
235,E,E,0.006061174466105116
236,N,N,0.005368864364878561
237,D,D,0.00534015121754655
238,D,D,0.006059000631553804
239,W,W,0.006402935006005744
240,K,K,0.00645183169602539
241,L,L,0.0055496595838085815
242,I,I,0.005765855632970171
243,E,E,0.004703176005499676
244,N,N,0.0059753950053830045
245,N,N,0.008785278434089902
246,D,D,0.007191658420457133
247,T,T,0.005492623970499896
248,I,I,0.005634806016708703
249,L,L,0.004792101468586266
250,E,E,0.004793827424180841
251,S,S,0.004556339157350024
252,T,T,0.003986199003196094
253,Q,Q,0.003301968427547163
254,P,P,0.002989814071352207
255,V,V,0.0034334564061712946
256,D,D,0.0027183842462171204
257,E,E,0.002266230683625129
258,L,L,0.0028395287183269682
259,E,E,0.002609706200055616
260,G,G,0.003264944273991805
261,R,R,0.0032736042167838893
262,Y,Y,0.0030064545366884137
263,F,F,0.0037656986151022023
264,Q,Q,0.0066577069615529885
265,V,V,0.008286294717461402
266,E,E,0.011418312547367861
267,V,V,0.01225009333377495
268,E,E,0.009899209057564928
269,K,K,
270,R,R,
271,M,M,
272,V,V,
273,P,P,
274,S,S,
275,A,A,
276,A,A,
277,A,A,
278,S,S,
279,Q,Q,
280,N,N,
281,P,P,
282,E,E,
283,S,S,
284,E,E,
285,K,K,
286,R,R,
287,N,N,
288,T,T,
289,C,C,
290,V,V,
291,L,L,
292,R,R,
293,E,E,
294,Q,Q,
295,I,I,
296,V,V,
297,A,A,
298,Q,Q,
299,Y,Y,
300,P,P,0.007087840803282705
301,S,S,0.007543611983285609
302,L,L,
303,K,K,0.007265495316888189
304,R,R,0.008007022378507042
305,E,E,
306,S,S,
307,E,E,0.007555354019366738
308,K,K,0.007644921899632007
309,I,I,
310,I,I,0.006745497635278317
311,E,E,0.007557178165864998
312,N,N,0.007797127993406421
313,F,F,
314,K,K,0.00817976281033732
315,K,K,0.008471221188798884
316,K,K,
317,M,M,
318,K,K,0.010063655120045954
319,V,V,0.008374624945942339
320,K,K,
321,N,N,
322,G,G,
323,E,E,
324,T,T,
325,L,L,
326,F,F,
327,E,E,
328,L,L,
329,H,H,
330,R,R,
331,T,T,
332,T,T,
333,F,F,
334,G,G,
335,K,K,
336,V,V,
337,T,T,
338,K,K,
339,N,N,
340,S,S,
341,S,S,0.02364915780711585
342,S,S,0.013291229537410267
343,I,I,0.012695296384225545
344,K,K,0.012322216219180459
345,V,V,0.012706896716005658
346,V,V,0.010620127235111309
347,K,K,0.010073812966828003
348,L,L,0.012540129913868084
349,L,L,0.011395205353961017
350,V,V,0.020800001290525748
351,R,R,0.018783956931949876
352,L,L,0.021852127072886026
353,S,S,0.028166798572696886
354,D,D,0.03386144148486167
355,S,S,0.03161808124113248
356,V,V,0.0228778095737255
357,G,G,0.02214474017645421
358,Y,Y,0.021356804997099972
359,L,L,0.013810619013320714
360,F,F,0.008137785920951426
361,W,W,0.007709205460224556
362,D,D,0.009009984936784139
363,S,S,0.012548953770269029
364,A,A,0.007050784204335308
365,T,T,0.005113537600551314
366,T,T,0.006957530437379459
367,G,G,0.00944806970250913
368,Y,Y,0.011839942311434645
369,A,A,0.010665485946768107
370,T,T,0.011099251438544082
371,C,C,0.011269133300238326
372,F,F,0.015363515163025494
373,V,V,0.019147406059528724
374,F,F,0.03675867604060409
375,K,K,0.03235091123730471
376,G,G,0.015953788468983567
377,L,L,0.015610777473162037
378,F,F,0.013384477135491919
379,I,I,0.011650771206380754
380,L,L,0.009557682750327883
381,T,T,0.0060284695186831015
382,C,C,0.005266572049775734
383,R,R,0.003976586962360737
384,H,H,0.0044688291938659586
385,V,V,0.004784018990002096
386,I,I,0.004587668744170754
387,D,D,0.003362177450545547
388,S,S,0.004148762168488953
389,I,I,0.00425496862121409
390,V,V,0.004171897453089852
391,G,G,0.004269452456189205
392,D,D,0.004401231083342156
393,G,G,0.0038217829076075327
394,I,I,0.0038583732793757526
395,E,E,0.002730247098193832
396,P,P,0.002694617695098297
397,S,S,0.002159768196914265
398,K,K,0.002697422640912754
399,W,W,0.003329855715195297
400,A,A,0.003061170523558817
401,T,T,0.0032671403038876095
402,I,I,0.0038537865576455314
403,I,I,0.0041160424011481055
404,G,G,0.005105382803238397
405,Q,Q,0.004882081586520739
406,C,C,0.005244826875162857
407,V,V,0.005016510223557628
408,R,R,0.007311305631934648
409,V,V,0.018978857954721085
410,T,T,0.027400021736406353
411,F,F,0.0369627212304364
412,G,G,0.10039333287128789
413,Y,C,0.15170496530219274
414,E,E,0.07606004136688373
415,E,E,0.06327616244208438
416,L,L,
417,K,K,
418,D,D,
419,K,K,
420,E,E,
421,T,T,0.04226204161001408
422,N,N,0.034850608978415465
423,Y,Y,0.027635305066775348
424,F,F,0.017310541517927283
425,F,F,0.012792270019047704
426,V,V,0.0073211403272494275
427,E,E,0.006104683395438646
428,P,P,0.0044058906257078605
429,W,W,0.004593737040270668
430,F,F,0.003330397889453437
431,E,E,0.005903351082285806
432,I,I,0.009359621722395869
433,H,H,0.00662472203151374
434,N,N,0.003881819237141415
435,E,E,0.003050368931201674
436,E,E,0.0044763741322393965
437,L,L,0.005280059549679821
438,D,D,0.004651734604034742
439,Y,Y,0.00562247663198187
440,A,A,0.004970680009659784
441,V,V,0.007481515820146349
442,L,L,0.00529537647251005
443,K,K,0.008711159902673718
444,L,L,0.010237852541617916
445,K,K,0.010561319612094472
446,E,E,0.012903280764794179
447,N,N,0.018593115143887187
448,G,G,0.013963577766524633
449,Q,Q,0.015445711404786046
450,Q,Q,0.018266155409113256
451,V,V,0.017841578930428658
452,P,P,0.019825919058574483
453,M,M,0.026446898680143383
454,E,E,0.03423226639984995
455,L,L,0.06942021993285946
456,Y,Y,0.0881759023395239
457,N,N,0.10643356786749529
458,G,G,0.23075404096806182
459,I,I,0.21239450717592687
460,T,T,0.07081481868959144
461,P,P,0.05447236242227292
462,V,V,0.03091275048486344
463,P,P,0.024880346588109573
464,L,L,0.02132910745489857
465,S,S,0.010694773494081397
466,G,G,0.010905453011077105
467,L,L,0.011145826077630617
468,I,I,0.011549110407430254
469,H,H,0.011537495222013897
470,I,I,0.010499408175740221
471,I,I,0.015778252017492948
472,G,G,0.024931462997065498
473,H,H,0.03239495870496138
474,P,P,0.025137885696462428
475,Y,Y,0.015630691258083956
476,G,G,0.0198508282819737
477,E,E,0.030175018394918412
478,K,K,0.042214614655847735
479,K,K,0.031302459410420785
480,Q,Q,0.024788941528348745
481,I,I,0.013718578660372542
482,D,D,0.013010919441527385
483,A,A,0.01195387317099811
484,C,C,0.015186764582934586
485,A,A,0.008051025107067738
486,V,V,0.007348682367625997
487,I,I,0.007460297236395215
488,P,P,0.007918620439908217
489,Q,Q,0.007786913129588866
490,G,G,0.00668287042498009
491,Q,Q,0.007362506866695307
492,R,R,0.007978992513505596
493,A,A,0.007437161072581985
494,K,K,0.007990273789404267
495,K,K,0.008919990944188837
496,C,C,0.00916994715444308
497,Q,Q,0.009108639419955631
498,E,E,0.011413504795800484
499,R,R,0.010195871912820183
500,V,V,0.011869371397659248
501,Q,Q,0.012484651039251188
502,S,S,0.011514343606506442
503,K,K,
504,K,K,
505,A,A,
506,E,E,
507,S,S,
508,P,P,
509,E,E,
510,Y,Y,
511,V,V,
512,H,H,
513,M,M,
514,Y,Y,
515,T,T,
516,Q,Q,
517,R,R,
518,S,S,
519,F,F,0.015479536077826032
520,Q,Q,0.009898674079064373
521,K,K,0.014873781348483196
522,I,I,0.012457363965504937
523,V,V,0.008092846974084935
524,H,H,0.008580191801040787
525,N,N,0.008203531774069154
526,P,P,0.009314816870278296
527,D,D,0.007617664393071651
528,V,V,0.00758634057377732
529,I,I,0.007927555102308954
530,T,T,0.0074306777030776275
531,Y,Y,0.008689497002404449
532,D,D,0.01115715398701196
533,T,T,0.009824204476708953
534,E,E,0.014715735618262008
535,F,F,0.018229617701996586
536,F,F,0.017033443174501173
537,F,F,0.016792020603027962
538,G,G,0.013354829511309809
539,A,A,0.013575201628459372
540,S,S,0.00930686936130824
541,G,G,0.008431214970990348
542,S,S,0.010495573493285677
543,P,P,0.011758631409175399
544,V,V,0.01208685314996745
545,F,F,0.02407652950504425
546,D,D,0.022770380709854845
547,S,S,0.01839488233243529
548,K,K,0.01759949546502668
549,G,G,0.031696055054830925
550,S,S,0.04179461532976451
551,L,L,0.037847626318494136
552,V,V,0.035770303095716015
553,A,A,0.02275428020683546
554,M,M,0.010303707130106818
555,H,H,0.0077189822985476685
556,A,A,0.006933542520966039
557,A,A,0.008436967864168594
558,G,G,0.008591492863213333
559,F,F,0.009903382574823214
560,A,A,0.014747341458713474
561,Y,Y,0.00945210080668047
562,T,T,
563,Y,Y,
564,Q,Q,
565,N,N,
566,E,E,
567,T,T,0.01273717937864968
568,R,R,0.011522901443492516
569,S,S,0.014452034165357074
570,I,I,0.01011177266516724
571,I,I,0.010863257865820384
572,E,E,0.008453403875749032
573,F,F,0.006772732565042521
574,G,G,0.006490379759941601
575,S,S,0.006937591255897612
576,T,T,0.01656534850260696
577,M,M,0.027699884585151744
578,E,E,0.04034002609047727
579,S,S,0.019100718279342108
580,I,I,0.015305807137006841
581,L,L,0.03543406925384306
582,L,L,0.022902290060523547
583,D,D,0.009357289580186012
584,I,I,0.016992761147178768
585,K,K,0.02085105122783551
586,Q,Q,0.01186380440536408
587,R,R,0.010690569700820841
588,H,H,0.017471912703177873
589,K,K,0.01847037972211606
590,P,P,0.012705473454293556
591,W,W,0.019241258466553134
592,Y,Y,0.026497263063831614
593,E,E,0.020510437046161487
594,E,E,0.029253603074404038
595,V,V,0.04088533024123565
596,F,F,0.03976137976702535
597,V,V,0.02282730237570411
598,N,N,
599,Q,Q,
600,Q,Q,
601,D,D,
602,V,V,
603,E,E,
604,M,M,
605,M,M,
606,S,S,
607,D,D,
608,E,E,
609,D,D,
610,L,L,
